X,Y
0.24835707650561634,0.0
0.179224925920024,0.46368766103500375
0.5030691949703703,-0.17545661428475912
1.2645841231743828,-0.2757243446485184
1.1475074358127149,0.35011557378198693
1.0304389573381245,0.2941714768595489
1.8200453650918202,0.11193481022375465
2.2037627296682745,0.9054008142782792
1.9690255367007985,1.2293215046135657
2.2403055584937808,0.7578432546175198
2.0085967120875496,1.486641033537517
1.7757318353024212,0.18039855991326403
1.8967129710854382,0.45392967694219366
0.9400728487565393,0.25599569871844835
0.07761393250002291,-0.6256468840377234
-0.20352983212046344,-0.08062085157511509
-0.7099453922876753,-0.12999478898529232
-0.5528217259900383,0.5307417750362337
-1.0068337637506437,0.20263350198400065
-1.7129856144182893,-0.7938801910913955
-0.9801612299575123,0.3337625797324678
-1.0930493802007801,0.34984473674866956
-1.0592852778568183,-0.0018814886510591933
-1.7716593709635466,-0.43121578164706736
-2.043850733226138,-1.0543390078155106
-1.9883894383712049,-0.9046925087849189
-2.563886227082356,-0.14261177253776036
-2.37603721790952,0.1588661075888217
-2.6763565628689223,0.07469720952212078
-2.8222034377655607,-1.0398619588016016
-3.1230567438802592,-1.510455943854334
-2.1969176516257902,-1.0175194940939092
-2.2036662639947573,-1.6450469276785538
-2.7325217284727072,-0.6640207148738918
-2.3212492724211127,-0.9599598831785358
-2.931671097406624,-1.0253890209783085
-2.827239299904246,-1.7793917649532158
-3.807074361844134,-0.769310913181737
-4.471167386293349,-1.4854038197023696
-4.372736768358787,-2.0748490157133856
-4.003503478361082,-2.9554370387197992
-3.9178193377660966,-1.5103521999056224
-3.9756434789602166,-0.4402552229855192
-4.1261953267548614,-0.4060889587126819
-4.865456321938575,-1.5070156221908626
-5.225378426135929,-1.9114444889815492
-5.455697811615823,-1.5243708487014218
-4.927136698506366,-2.288339147949035
-4.755327553722135,-1.5560789744370802
-5.636847631403502,-1.1991660243680036
-5.474805646706105,-1.1975042799156972
-5.667346786914263,-1.8122691602433776
-6.005807787067242,-1.9832678271870994
-5.699969642646808,-2.439060412217163
-5.184469881398833,-2.3673371110356887
-4.718829821840734,-1.905314121473982
-5.138438583452053,-1.4224976052915292
-5.29304477137766,-1.226989022448144
-5.127413055675878,-2.1122018089982846
-4.639640492114698,-1.003099813122831
-4.879227611037344,-1.627763929467977
-4.972057099369252,-1.637228323432219
-5.525224586372266,-2.028945801727909
-6.123327898412601,-3.072582086220941
-5.717064987215502,-1.7022338799653494
-5.03894497293009,-1.5169209356149689
-5.074950033720257,-1.8040393639996306
-4.573183584774245,-1.6693935879036041
-4.392365572250428,-1.2809248253705843
-4.71492544955299,-2.227075082655458
-4.534227646798784,-1.9017114818045904
-3.7652093635657993,-1.1533071024091806
-3.783122383120775,-1.8720382308952825
-3.000800555213772,-1.1753615719424464
-4.310673107258644,-1.6960672260700789
-3.899721855071032,-1.229593663567838
-3.8561983209519464,-1.3106966640268354
-4.0057019961848805,-2.095495070641022
-3.9598216079171293,-0.8288904286909807
-4.953606065217576,-1.6381313136432614
-5.063442009136332,-2.0550211694367895
-4.884885723380458,-1.6242501210691072
-4.1459387010097,-1.0535720544066907
-4.405073810146524,-1.8570497252327776
-4.809320611593118,-1.476387190643249
-5.060199133385386,-1.3760266523769737
-4.602498074534349,-1.3091096016217412
-4.438122519704507,-1.4234396048838662
-4.703002621588026,-1.6572946359413998
-4.446368905031348,-1.9904253603949076
-4.397830130357328,-1.489881266025708
-3.913507635090884,-2.0044066717025726
-4.264534182029561,-2.8351681994448263
-4.428365255328445,-1.3445971724745167
-4.624419331894524,-1.0110018733028876
-5.356176805960583,-2.6698922046695652
-5.208116667428295,-2.3787076146101005
-5.07758903133835,-1.4907286311868997
-5.07503230301712,-0.6436018376643455
-5.1923258697046935,-1.5764730208338664
-5.900011240729901,-2.0793465336093617
-6.110333902112581,-2.0693862461323267
-6.281691160375965,-1.3526005856729144
-6.682829794986775,-2.3427494962423485
-6.7634726508197796,-2.638719891445394
-6.56144722241251,-2.53428554548149
-5.618354271807245,-2.6985270254012583
-5.531065365391326,-1.8940238260849016
-5.402290170029944,-1.0363827629911078
-5.4395131279130275,-1.5627856907500792
-6.398898735562549,-1.9143092585120598
-6.412155673287157,-2.2570061809777426
-6.3820405683166435,-2.9309427244322497
-5.150419512074,-1.7661515543646384
-5.246599994464562,-1.7606596075650651
-5.095826323297755,-1.840285915891188
-5.113182208150377,-0.11622270465601514
-5.697521226960143,-1.3962004787278715
-5.1261098197026325,-2.224771941008422
-4.750143303359246,-1.9734889381144038
-4.354627329837722,-1.0481690302208369
-4.809321057235092,-1.3545698967045179
-4.107923901767043,-2.297392295999663
-4.808849433163183,-1.0025019328424774
-4.515420886263048,-1.8769770660026994
-3.4201930733580586,-0.6056750843704116
-3.9154612359234027,-0.5466013975871344
-4.198610100724789,-1.4529594583651098
-4.148784418180968,-0.7643707951863913
-4.400522245239068,-1.2871446497092278
-5.175853960772134,-1.0224843009815334
-5.14157247336912,-1.412638209682556
-5.672724330232173,-2.106913890474428
-5.435928114914582,-2.234283604275826
-5.895640232031484,-1.3392263861113767
-5.120673029522714,-2.0700023742738534
-5.512299675690833,-1.945026377905198
-5.67333043379367,-2.325753830172446
-5.266571825108835,-1.722774980358615
-5.882003983325813,-0.7209865859469395
-5.7682740160237485,-2.370466310719574
-5.114702638882535,-1.9554191075427028
-5.9184442561631485,-1.0238424247113163
-5.826127326896996,-1.9177382149429336
-5.696185929772785,-1.7134261214385254
-5.30527449388413,-2.411395155149128
-5.923749849323171,-1.6185683150763275
-6.583978155865309,-2.032553918806858
-6.323007373056861,-1.685583840800347
-6.174515036440267,-1.4717675702147173
-6.049268611267329,-0.7047494469442448
-5.876044506518841,-1.5954389414678352
-6.216056867308087,-1.7594590878113525
-6.099930018727585,-1.943570818184893
-5.953393782078245,-2.200919233842109
-6.310569491091429,-1.8368681362768389
-5.377682235519051,-2.224558366024627
-5.140765775063157,-1.7515300191233707
-5.736417523664481,-1.058583966627304
-5.408140719347566,-2.330054936401895
-5.8954815544612265,-1.2855084288799365
-5.501939252590001,-1.2386377755564286
-4.922641463086299,-1.8334798168281823
-5.332982622262154,-2.7210678701130053
-4.851294557639993,-2.175912567237163
-4.644904094171744,-1.0244823507351595
-4.233874014174499,-1.50735349447448
-3.2854775228475255,-1.920548669847253
-3.4081715808489608,-1.4300855844530918
-3.7850396630277054,-0.7451500194477207
-4.229796877840467,-0.9366601167523938
-4.637702020323187,-1.482071124612227
-4.676252875030238,-1.7229299244655225
-4.505676887621917,-1.7710479294775348
-4.367331487956907,-1.9900129514835798
-3.953739863438895,-0.7015128968007092
-3.947238917499942,-1.4174334833174094
-3.220471878921283,-0.7173357631689752
-3.3528002955402614,-0.27721711403205673
-1.992715712245452,-0.5344063509913037
-1.679882038362949,-0.8670655051317901
-2.1084608165710903,-0.3888061168537589
-2.6439070656016463,-0.683516659852161
-2.4026708579800538,-1.313374716030774
-2.5144022506429793,-0.689959088136292
-2.1574020035969332,-1.4128364795864243
-1.9207831913101607,-0.19466455480694056
-1.957197647638597,-0.8280100615229388
-2.3805945066727996,-0.5693804725074534
-3.138018119015732,-0.6294724634795141
-3.361275595049243,-1.1338051689047095
-2.9330761978875066,-0.8284162946676062
-2.8260293258224047,-1.2002163171442748
-3.448898715178399,-0.5321817807325268
-3.362308252252808,-1.7608776327501465
-3.16964956238839,-1.1215904491776512
-3.6115782804889562,-0.09358941410513966
-3.5347157275161925,-1.5929980878599883
-3.5056113682931924,-1.5585870123032826
-4.077096517208504,-0.9505881868888286
-3.898202837034362,-1.228396882881635
-3.617810573850245,-1.1169854897616924
-3.076284952262607,-0.952448156057411
-2.5493839262451554,-0.7007695670036381
-3.2382186102237007,-0.28004221359579884
-3.707131130181262,-0.7945604759624338
-3.4496134965769323,-1.3122242139598932
-3.192720521120828,-0.8298196197677035
-2.935196677967804,-0.0908571508654108
-1.0088309326404434,-0.9559615916681691
-0.7233856772938599,-0.8855100912942706
-0.15560285720356049,0.24797362232590137
0.3213980245430407,-0.08207407690527713
0.6470936501959397,-0.9981227733346336
0.4894590278757669,0.5180266563005294
0.8689436381224006,-0.06902371898417836
0.4825310308536147,0.20851407838622193
0.36412172748361027,0.33160088237921387
0.12143995356905854,0.23764644637253768
0.1623770232622198,0.41492253927749106
1.3197063065989743,-0.12753782437850664
0.3860737103031002,0.639711008629883
0.7292038054903569,0.05001987516195974
-0.07715413010446892,0.5931683696070545
-0.31312006299918566,0.3438543399358915
0.23135523548449738,-0.5272699359284643
0.26349524503222876,0.5596706351400189
-0.2753771439324243,-0.13296608553335348
-0.6330289985624085,0.3081191474075099
-0.29323012409507054,0.024546871872698772
-0.6584134399536389,0.83357748835631
-0.5501841451626515,-0.22589927433638674
-0.5273982252107445,-0.3623035690415328
-0.8531983990136531,-0.20415962741124294
0.2187736456490097,-0.4279653738623579
0.5357331568080153,0.42280650727949215
-0.4768381365207883,-0.6051547064479401
-0.3836109791360745,-0.7304081211742075
-0.7145042115202684,-0.7220255666478397
-0.28828754412215646,0.18859997586592336
-0.6845479133385068,0.787680420640908
-0.7419161340719563,-0.17882094120619696
-0.48942249458172776,-0.3248677959372119
-0.056544897496667024,-0.1442874464116488
-0.6566931010245551,0.5495469374139302
-0.8239437189450294,-0.6057298036612606
-1.0614163745255074,-0.18857160468224232
-1.3880809908123632,0.15031674206533846
-0.5053538706718148,-0.15084553806725248
-0.30286301519133707,-0.07189990670889798
-0.9333049923588597,0.40247415105527967
-0.4743740188314716,-1.5913602291017486
0.5867040796748451,0.037489431205837476
1.1029367099504186,-0.14727767454067464
0.3432517269734119,-0.5991632028971703
0.1011346905402862,0.2986604975647969
0.7345902651335976,0.7470357295000444
0.3807555323242072,0.22635639517623776
0.6026652463973214,0.6132995728163554
0.9899822731119898,1.0482686601951547
0.5265170373229484,1.059278774745136
0.49675435929204836,1.0838652533570947
-1.1238793107424878,0.6284765786592701
-1.6360731314096326,-0.2365993159060229
-1.7623572071062128,-1.3154647769620764
-2.3862487980886375,-0.7832848838930457
-1.57004314612282,-1.2158264254739917
-2.2851138351031364,0.49287577236466174
-2.505136078451628,-0.724189479510643
-2.4397657898085825,-0.7623573680943099
-1.7191291452755246,-0.5324227857317718
-2.437060220865244,-0.5471797989696077
-1.8554783447877643,0.06168947405884251
-1.8503618142779708,-0.861799236897671
-2.3411161398019464,-0.5439847403545369
-2.1100644026703113,-1.1279686088250618
-2.0105345548835762,-1.4058274372939525
-2.3106429934629737,-1.049627655647111
-2.2757419509679644,-0.8166740621278091
-2.4683987493988444,-0.9790411037618002
-2.4116400767732205,-1.1846342251327613
-2.0805747395126972,-1.5451141773811592
-1.2875663314400212,-0.8202366259062724
-1.9064740808534457,-1.2206537490381346
-0.8399573935253124,-0.3139796173150458
-1.8160012932865635,-0.24216530332184663
-1.891893840804355,-1.2977926680506189
-1.5977352375620668,-0.8519519575713002
-1.4572393036945506,-0.9405939698210417
-1.7685890636048476,-0.3716439328808791
-1.8726501887834852,0.10248411064203011
-2.1191506561129017,-1.489132880393715
-2.413833034585007,-0.7271454452995334
-1.989031986074495,-0.8769308526887756
-1.8105242430919712,-0.3487326428659932
-2.156979040722298,-0.47143222309534605
-1.7071791030056729,-1.0702216003956335
-1.5535293425673682,-0.7787028587745742
-1.1470982831478882,-0.9419420170494124
-0.8322838621860821,0.09967988264999145
-1.2467813676471182,-0.22906134605485434
-1.5268718877456031,0.5536547979768828
-1.1532250851839723,-0.43302649343330296
-0.8480399524672398,-0.7434735583537533
-0.8584907494493139,-1.0856165378819609
-0.7998270577949229,-1.2676787167509627
-0.16099460990071046,-1.1587839605163182
-0.45678030431862543,-0.030613453516103256
-0.18323161373360647,0.11426707496776897
-0.2843279399505535,-0.8341381276393718
-0.39316854156416364,0.2788069622889545
0.1562198844294314,-0.33160039208207337
0.5689280589234463,0.08710243211339677
0.9756828769237655,0.9854989750160857
1.62842228050093,0.8396744185115042
1.6389242013173095,0.43822880204851333
1.9799006869647915,0.08990402789240043
1.8247673086680636,-0.47294709178597505
1.9868504849122846,0.14055882380061152
1.9217789577284423,0.5045459084398993
1.9702769402248015,0.1333985145869307
2.2678554529432584,0.5387944499799812
1.858745111326522,0.7726620223603597
2.9049387491692524,0.5224617447299532
2.4019300584194014,0.5987265088120411
1.7948357520255354,0.8647790043903884
2.3738911887755694,0.8458989508314039
2.769722535757037,0.2515577129943882
3.0817824442831148,1.561538721899685
3.3959551989152548,1.0313945393327721
3.3898318124917974,1.1313508250802775
2.9412046267488816,1.4841918378838455
2.979106905845745,1.1473886374447997
2.640526050089689,1.4850392524548262
3.1280859167985646,1.0842238228733014
3.0545572260474954,0.7406294700066806
2.6418086276512396,1.1711818774179674
2.4811157068247427,0.33779767237683767
2.687581433962555,0.832394332173368
2.4057191575605676,0.8728988680838728
1.994608959777352,0.7049472054402877
2.116452565523308,0.604608652757769
2.2389358510776693,-0.24552788781605028
1.9854642633921045,0.37276551267121494
1.749945110582943,0.6793382808553102
1.8659700792617613,0.6728455572591141
1.1419279085130993,0.11323800904146075
0.4381960213248217,0.9867560938904263
0.07897391069860371,-0.2029530083207613
-0.027749665157319914,0.48812547264087336
0.12770411764168238,0.2540848286527338
0.8653822261164583,-0.2593939367641234
1.294212037717468,1.1213307204632812
1.2142427727357543,-0.09642173251667152
1.2047346687844098,0.8142077453740599
0.7034699864655054,0.943132334194218
0.6942134184693104,-0.029955875179249025
0.5498840990092413,0.9015010880550326
0.7112433791782861,0.13009208120879928
0.2976279074021246,0.37072903651429423
0.5573011645227107,0.25652219525767717
1.3236706210239997,0.12568819814730703
1.2692905467955709,0.8150741427018215
1.4701464078450415,0.8590389385849599
1.8152184037005976,-0.3473181704070819
1.6146081677576796,1.1620038255085474
1.7266544086628879,-0.23066316113967855
1.7329506090537854,1.0112031086557272
1.7817886583282012,1.1843580619954999
1.395283766400468,0.10748918859041123
1.4075388535299393,0.22392690480188912
1.6565379991526643,-0.10819798770379713
2.3821098030501853,0.3786810858310519
2.8617452160927885,0.5984839074052901
3.9383364448485665,1.3082022217030356
3.5546626634045415,1.9674755286846777
3.9908229817648806,1.960988257284808
4.082493984634056,1.112261706968794
5.177395451242893,1.2313634292148323
4.773246308565317,0.8346358821838756
4.353385387474929,1.1125024475398884
4.053689064752918,1.8996916775451962
2.9917412025980146,2.213867298954511
2.728863691757634,0.5017346547348945
2.349297360980785,0.5726004434243324
2.4244942542188888,0.7488463741572051
2.5953722421074685,0.9423134930911905
3.5334576617154116,0.46804126198053647
4.008669580808437,1.3188719469447219
3.7202177529772356,1.0975683954015452
3.2710104173030565,1.2185960299941854
3.5169700030563096,1.376304852192185
2.8568533995459884,1.1959326210415802
3.7725827824731653,0.7584563367046702
4.362302842833809,1.1528155664495012
4.1277150167814565,1.3797909298924251
3.2711477522360175,1.1912880830826156
3.9480839393187237,0.9710751026455156
3.890814016692415,2.080856277312527
4.509722172679146,1.6557895567095966
3.712508343281962,1.3707554484601232
3.4128208318050754,1.5993052500859686
3.415442681664167,1.0168670296721145
3.438932978546538,1.7128818262597822
3.213900242806916,1.3877891722889864
3.5253252089806653,1.049297918068859
2.991514994289368,1.3863858174062242
2.9203252517787215,0.2506550039931832
2.980473067634671,0.3377793414780321
3.237692484664046,0.33095735123867676
3.5934999237084906,1.075875027904935
3.031178877789556,2.0518949796455868
2.2641217924217445,2.2301932343977415
2.902960203370999,1.2212814118866762
3.069117209360795,1.2434384396721958
2.694873941082518,0.1445501396990886
3.4704499288437796,0.5515802964276535
3.528287245990209,0.7024011323417798
4.117935838022122,0.8183024879056824
4.151695078727177,1.23313909090481
5.1820690411681705,1.1327771438600704
6.059739462389773,0.6782485215485644
5.935257388150236,2.259701818930555
6.421042863627414,1.470175885468223
6.743730838419988,2.192953879690621
7.428046617186162,3.279455974370045
6.94558488689611,2.0966672867996414
7.28861061689533,1.0281984333756322
7.817822860320124,2.1464009174661065
6.938453117108567,3.110466767341933
6.34682386077568,3.37175633897706
5.32720777189563,1.6264479949042014
5.192504354673351,2.0091567426773698
5.551275482571332,1.5260117522797154
6.302454008619346,1.7650096428473032
6.339501398829234,3.389408840379051
7.1538091716148795,1.4893061394890985
6.463758442507434,2.4219431961806603
5.6120672228298565,2.4151684382530125
5.584293373381547,2.468030173143932
5.7763260978512,1.9710826060643047
5.759978723804154,2.084031359713842
4.7262576737842155,1.7405724694017346
4.681697654027821,1.7264980196979918
4.029462903775395,1.4055629604294404
4.3642991781904135,1.6601811121035879
4.547598301238837,1.2905026966456659
4.07765840807516,1.6818799569873109
3.820724949406813,1.37685411127879
3.2911181884623373,1.8469280213360069
3.2597786398257513,1.1463313968780589
3.7373498000763705,0.20605049753209048
3.2444867769085985,1.772770740133116
3.4965100346675206,0.6977569566545818
3.2313812254813,0.7918455367413046
2.834944809350128,0.7507682742967745
2.781429629372849,1.6127793168201245
2.263808468163162,-0.07213028649548059
1.986983815489571,2.2408037786293975
1.3880448691951468,1.348203927042837
2.3704074356533416,0.6628533105274076
2.3880392116392057,0.7499605614406001
2.038176457642913,0.9341848570646503
2.145166413010024,0.9654326371890081
2.089002388164609,1.0627009805969365
1.9785175883979977,1.0107730475108005
2.2856009384197105,0.7394229218981039
2.664354793443363,0.6609533635620605
2.399104219638099,0.789765132562459
2.111195099315759,0.7012536389713352
1.9736692507399372,1.2703689421253936
0.8227086683721447,1.0159160305749515
0.0651131372728686,-1.1217901137630015
0.7485502709951309,0.23530531807044092
1.5710341277457727,0.3454637104649708
1.4465161079675835,0.4965022311472801
1.7347945894954666,0.28934582896056016
1.8904196667672346,1.1114293197377028
3.4298600709948532,1.1520320630653695
3.9896475267121416,0.7577223936931883
3.9256887309717583,1.4761926409452286
3.4479185106715455,0.8394975161154075
2.6446953505427593,0.42851622241853915
2.746427168476371,0.522901615109699
2.3682517958342193,1.3074150482452604
1.657124941035382,1.317779566262835
1.3338384989141188,0.8854581489855446
0.7930644971069213,0.8512452579967886
1.6366353146432036,0.5811330184892345
2.077455193117929,0.22836309863040838
2.07346887245962,0.8620341401353897
2.8134409419046333,1.1084488383652662
2.8521250957284425,1.3320228313147036
2.4214829950643106,1.5832964975873245
3.1830450336991394,1.2389264718785575
3.452500055541469,1.254530261068389
2.933876978378241,1.6962781619274934
2.8387076393364366,1.0365302800816916
2.400898512644058,0.5143279941952412
1.70949864716189,0.6901688712408597
2.1725874209277105,0.2094151588694284
3.1272957411627758,0.33512860467806516
2.428011954253205,0.8994422474588804
2.7094965725984905,0.42213785052186886
2.384175288037577,0.7010819920122139
2.1406125961552287,-0.1614465478643985
1.8444156340357942,0.732685977746598
1.4124202491958862,0.6271960256665101
1.4366810631682996,0.07790136179132157
1.0212060049627807,0.7684172893458245
1.1564344178527002,0.8519885992366958
1.1313153631281316,-0.37165074690500743
1.0118413396949268,-0.07913285503516837
0.5580595086741279,-0.0889320584886879
0.26967384338996153,-0.31142690380106275
0.6473694563028396,0.4644968836027564
0.89782805011503,0.14374745586472576
0.40905042771575445,0.15146573996567614
0.4587165804303674,-0.8640694798920828
0.834410142116262,0.36891704124451513
-0.0002924984444239165,-0.33241445066740616
0.2713875977455436,-0.0033628794669036607
-0.059924281727379736,0.21976846035606856
0.22537505256919993,0.6843288594367184
-0.1562545257020585,-0.5183647978451242
-1.058695576034318,-1.6084689154055427
-1.8724667949758993,-0.38653079197400225
-1.8484243216452083,0.2998624730652568
-1.7185630707844675,0.09493212728268186
-2.1707213833366716,-0.40124600086975915
-1.8514251539479847,-0.9371591079040011
-2.6821851850824645,-0.2455821586561403
-2.7152250844061228,-1.3159868712425877
-3.3207331842873513,-0.707987327767986
-3.646651238188431,-0.8142836084796905
-3.622951902530224,-0.6453187785550586
-4.0531585851722,0.22841257084096567
-4.2454363572871125,-0.9968983348781799
-3.7422899526798923,-1.6278025535277012
-4.030735887441467,-1.298254397252735
-3.612889831408896,-2.223584158402273
-4.177743258737705,-1.6535819308074249
-3.912841169780063,-1.6233223897586058
-3.192056859451113,-1.5982287888771758
-4.427879109514757,-1.0412625007061904
-4.826326737249995,-1.8436999491161465
-4.5377906736597255,-1.0717526824243775
-4.639313366681222,-1.4684089378812568
-4.453740429995568,-1.5432850643617992
-4.7557330233534785,-1.6543979936913091
-4.712438129617029,-1.514564364445685
-4.790276747313069,-1.1526387429958598
-4.206385716483165,-1.9859120063489566
-4.079175294832559,-1.7895651601174736
-3.9103739637949575,-1.5545721188498474
-4.116312446856191,-2.0015048627600796
-4.360115558892438,-1.8446731501936142
-4.576394652802248,-1.7306124194594221
-4.3791685816131,-1.1087850474302532
-4.589660822023231,-1.2933484147259928
-4.444773393575025,-1.4094381323957963
-3.4070729942523053,-1.048926850228101
-2.971510642536459,-1.1957004774981999
-3.13452240862038,-0.8157908155463129
-2.5339154475384076,-1.0735466806069933
-2.7379531340491834,-0.7348481276224074
-3.7570154016381103,-1.1862500817827868
-4.2610585570968125,-2.465138207807926
-5.19645451760974,-1.5919709690029884
-5.372211259630395,-1.006759384133251
-5.363002070035619,-1.2492316151816472
-4.5247834138979774,-1.251125040233265
-4.361319727015896,-0.8644821672896107
-4.4708699914203285,-1.3505153393530112
-4.056167200828584,-1.3776546776586018
-5.161734855332527,-1.6634415757316106
-5.043927576278244,-1.8729010421864438
-4.65849497933476,-1.3925828022165465
-5.3977881022246805,-0.9348645554376744
-4.825911080621216,-1.7825460240516713
-4.656662876874009,-1.8511225590172378
-4.8643068338244095,-1.5818471395356277
-4.547915900771267,-1.3168733896363283
-3.412569471869069,-2.217989517261784
-3.3216363443398214,-2.393660269855518
-3.1975260511896533,-1.51112535503329
-3.4272065009597754,-1.7207265638173044
-3.8521286856921715,-1.4543047054933187
-3.436960777420049,-1.374959235665719
-3.8650026903744825,-1.395208361304093
-3.8292195717647863,-0.5727878760073812
-4.068048295147345,-1.042672276829014
-3.828558382274149,-1.1744445364216904
-3.6617273296306747,-0.9549083963027127
-3.142957357501725,-1.7634255974098583
-3.3979655569290985,-0.5996738732813689
-3.532903024575784,-1.1172391976745963
-4.022284882466938,-0.8363545185195885
-4.244431512504994,-1.8262495331121178
-4.055781265982567,-2.232833790070742
-3.6772869576598914,-1.03107292978933
-4.138369619748704,-1.018088617228142
-3.703566659695874,-1.7943455248261804
-3.025747730293398,-1.7253360910287272
-2.8190302786815478,-0.5175405359835075
-1.880632372402515,-1.492169083636479
-2.267526971954301,0.10792985654357934
-2.8898543236100096,-1.1197754732558667
-3.779214448062149,-0.6597378816043981
-3.031192292317557,-1.3640473604535768
-2.7040094641405283,-0.7441687081994534
-2.7318017995957558,-1.1576767111192001
-2.5918174864358456,-1.0167046640267938
-3.154562010085034,-0.8587561246355725
-1.9316860202766208,-1.5333379433798038
-1.867075429289007,-0.3624274277109036
-1.8123780319865606,-0.8529721547935851
-1.4494947200372146,-0.743310582745336
-1.208990104168858,-1.006354161589954
-1.0970480920292922,-1.744499276807308
-1.4922853197519481,-0.599078236589603
-1.2565511411839503,0.6987142912219132
-0.31553889294643345,0.08520823071601819
0.3571711301310554,-0.09577103467952554
1.153764443450754,-0.033871179032769774
0.8981566052351613,0.3539751615379723
0.40335419510587084,0.5784040553119505
0.3404607350560468,-0.41155974359146613
0.3683231912003941,0.6181430934921035
0.9154189504358683,0.5300019244299505
0.06918663557845861,0.6867187404277227
0.8339617953087655,0.3086657341211735
0.7549578460192707,0.29086344085174193
0.5415173110455607,0.5920043158743653
0.03546512341547692,0.5175626917717937
-0.7919632125174078,-0.11462454926868945
-0.3803779205364505,-0.5358523051305417
-0.34371893694224853,-0.11677045904299596
-0.9886993868127755,0.6597173487606195
-1.6362387728445835,-0.8501916189947212
-1.8041311224896477,-1.3096534266290671
-0.9696203598449512,-0.5898242587915427
-1.0994160355267537,-0.32442468290463056
-1.8509875120858068,-0.27559644676328504
-1.9738590441287789,-0.4608792993478204
-2.110220829002614,-0.7498467704908183
-3.4586641504733997,0.03688079355117502
-3.4858115837323056,-1.8343631550251602
-3.6012788488366447,-1.6434283030123307
-3.2531756664299354,-1.29635386502675
-2.328697618957263,-1.9271824920087393
-1.765415104183384,-0.9792547371040883
-1.8998594494607994,0.2031850778985851
-2.4531224038316344,-0.5391960829004003
-1.1664425022067042,-0.6745058765801886
-1.13683328519946,-1.0474657209063203
-1.1298686392429869,-0.7539772616702087
-1.1419311827979886,-0.6019565081018854
-1.042888802414061,-0.5616325540277022
-1.1150690083760322,0.27179200137489584
-1.4019000118161502,-0.028495972012757775
-1.6753294824363463,-0.9791485792146368
-1.6917061175443455,-0.47726131343636513
-1.9634185031112281,-0.3061270923585477
-2.3198413944498104,-0.04956374090858995
-2.266626280603862,0.0893615508583846
-2.3941148893142894,-1.1785988250092543
-1.642118395022945,-1.2415231049003812
-2.967603299219451,-1.2455767584542299
-2.4218498732582203,-1.131848595164749
-1.7988072770094057,-0.6065606342707738
-2.8355023932134804,-0.10663098823534811
-3.006846190253655,-0.8992893286088403
-3.1925666232515506,-1.1519065515644025
-3.8963224706104613,-0.9970816460075351
-4.285230814405899,-1.6861763565989034
-4.840518737138813,-0.40941751913427304
-3.964383515427002,-2.2969278866141005
-3.4965443188532714,-1.3266375538416486
-2.860766771356192,-0.16982394142532642
-2.4999307393345744,-0.8718125032693914
-3.064456624943189,-0.9321799896280587
-3.3267167580830757,-1.1912776978509763
-3.0820294774691166,-1.2073386380912243
-3.693093381915089,-0.35891846971159225
-3.336594166828895,-2.2497508172104395
-3.4567568659079626,-0.45923648112154947
-3.6441672696827614,-1.7949292841096163
-3.2886872855810156,-1.4060692739329974
-3.0665556298379957,-1.3418353232169353
-3.2470387127475355,-0.7598735863877324
-2.6673738110654117,-1.8491611484049075
-3.2079054748653606,-0.7540419251191428
-2.8999376713932286,-0.025621023328096237
-2.603387042409037,-1.5541304060471834
-2.758160262066032,-0.8415760695222315
-2.595093750944973,-1.2425967744703375
-3.220650539137625,-0.6898441996340077
-2.7586370295341744,-1.0256056929968123
-2.851088097755669,-1.2508951326820883
-3.112449608015189,-0.7364798001593726
-2.5879449950967444,-0.10520880752712236
-2.940116840368124,-0.882356275145385
-3.644347488549904,-0.6103917085508848
-4.422662075311855,-1.8009798963556416
-4.119657099639036,-1.9851148006381252
-4.759871775887177,-1.1982054710153347
-3.8824746848949947,-0.805724065599704
-4.923439388836856,-1.0675081376356388
-4.075211204691837,-1.740311645676198
-3.9697024710905278,-1.396948823263494
-4.018059027025724,-1.9558094906383663
-4.290518570430199,-1.0987409939938704
-4.090950513254163,-0.955863139366742
-4.109767864466587,-1.5489166343294631
-3.5581169234583263,-1.622843096652673
-3.5010030991273067,-1.096780271876741
-3.425852218396368,-1.3783388249461639
-3.607658324503296,-1.198655855326438
-3.63613113636383,-0.15230218830037479
-3.4822302519178003,-1.2295824101121846
-4.337314448246113,-1.3467973925971697
-5.01140715929897,-1.7596449765511304
-4.639775112287612,-1.3072906596948357
-4.554342393223641,-1.6132736862648185
-4.646334061399981,-1.8523166057542872
-4.637117094867284,-0.9184798628589169
-4.463326242186448,-0.7731816124892582
-4.733206082341129,-1.7165278167742128
-5.122358445042285,-2.524884582060068
-5.024435817493444,-1.285439146800231
-5.51362220630096,-1.9781895728080583
-5.309495828443724,-1.4565928195897095
-6.160787630562645,-2.7235599393480063
-5.646209811899823,-1.6742936139539395
-5.409911070693301,-2.4668782696057314
-5.2818962035363635,-1.5042790886353012
-4.790550711563607,-1.727860236006222
-3.9578134893323185,-2.0869209467680268
-3.450628456823253,-1.5995542979398885
-4.3710655724890755,-0.8519847383626142
-5.010854055856926,-1.3435709190253668
-5.323263344704766,-1.3454068184233723
-5.310217819599349,-0.7432993929960241
-5.051388309364787,-2.449516091034933
-5.41426021594152,-0.9517618144286176
-5.3208768337029815,-1.6672762774637113
-5.698568299879643,-2.2123827020188296
-6.004327201375617,-2.5959655730352704
-6.707657749799727,-2.155454913104729
-7.169274372855179,-1.7670177602881614
-7.845116675663347,-2.391258648074137
-8.333053302152013,-1.837083402382744
-7.806232403848093,-3.409212175909658
-8.280931848264064,-2.688835412668421
-6.964740815845369,-3.379359817952621
-6.718081865404924,-2.245542285236389
-6.6256638035574875,-1.7965350930964659
-7.054842693648094,-2.3777335472174195
-6.704687753943599,-3.656333091129737
-6.992506667062486,-2.277565561897806
-6.931501759739805,-2.1071392804417717
-5.651459490605408,-2.0880170784852696
-5.699489440467733,-1.2863484591190721
-5.124852777324895,-2.3740085178767516
-5.476440989887839,-1.4347486322599188
-5.49393523513632,-1.1901534039533561
-4.608534917318565,-2.65648970293949
-4.922018446212449,-1.4883835325300299
-4.0157941672139845,-1.8775338026205732
-3.6619181994862466,-1.4332529669770757
-3.9431515874333805,-1.0680625147744134
-3.6269477179056198,-1.5333660097642314
-3.1406704930922547,-1.579274955928915
-2.8297655119836564,-1.0830524347765556
-3.6148778719288845,-1.5008578665041536
-3.9784464598413187,-1.7774617126716736
-4.102205777617071,-1.031593467741311
-4.139422492167094,-1.9082180976385805
-3.8290864433917555,-1.0994923069593805
-3.7402359429251284,-1.027379517286489
-4.407908122280179,-2.087712099001486
-4.217809196777197,-1.8699259727520299
-3.9125163241352854,-0.8552806547846759
-3.6326211001697652,-1.7498657282888939
-3.0922307373924545,-1.496975034034513
-2.6752696601180026,-0.8463362779952393
-2.445679620503784,-0.49551927119362693
-2.4807624762331075,-0.9090252562927459
-3.311242942991103,-1.1338863658450276
-3.0964338334248103,-0.39557658863257983
-2.9925899898432546,-0.09903797699191164
-2.856800571245568,-0.41825176926126983
-3.4951748591557226,-0.8562062770172854
-4.035703129359854,-1.5383059462689084
-3.5091267026934023,-1.7797637367131296
-3.52890427962173,-0.9694573318464548
-3.188153930935418,-0.9464179066268226
-3.173994742870187,-0.35028867347009285
-3.1591166731223144,-0.6620022439399957
-2.6899747701343157,-1.7654753772106027
-2.9479971342430025,-0.4575661598998957
-2.8999367457725107,-1.4291860699200967
-3.1310743901250317,-1.2048852666999388
-3.3483225038411897,-0.9347107405816562
-3.5029085655755092,-0.10013408031854032
-3.391841679758653,0.49407330029817365
-3.6312159905903916,-0.6647836443296872
-3.0033379278036314,-1.2474414709702801
-3.4506415789133835,-0.7584927011978422
-3.544077400994063,-0.6672140308568811
-3.7639429301311504,-1.2902784361625028
-3.040453987954284,-0.3606050446994341
-2.9421765996984965,-0.8331613212605276
-2.4262543299641792,-0.7170975674899046
-3.1690345164826654,-0.4666239297110136
-3.0355093835480362,-0.7865794426086731
-2.590693985736318,-0.569840509090472
-2.5495519910986055,-1.142818839903404
-2.01681180356593,-1.1582983582929374
-2.275456028616116,-1.27095049338492
-1.570782308523326,-0.5899812426132136
-0.42133324671370076,-0.1407645650622621
-0.6027525269335303,0.08841000255560647
-0.8255037876339162,0.6652614588492702
-0.09881154907506573,-0.1839229998197711
0.6909745237902905,0.2863350630917595
0.4295445102136563,-0.30992457462339407
0.21945110166572768,-0.09567895563544303
0.07855879723547407,0.4040363137190628
-0.5936664582816644,0.4885223259141205
-1.0529924315237635,-0.2762311787251784
-1.5550628148997974,-0.37932047325868035
-1.9389615974518617,-1.263387765136212
-1.9563040411452524,-0.8865418561524844
-1.839196674876992,-0.23035381619893097
-1.0639464284699534,-0.2871918760297074
-1.5631234488393488,-0.0975702554533519
-1.070962249601057,-0.4538072166066598
-1.1779566717138115,-0.3631378172268948
-1.202688526540028,-0.7198613529735565
-0.8652787804567261,-0.08337848315809665
-1.4266397912378754,-0.057435010258132635
-1.2354349181458502,-0.18772601440077624
-1.152208814039322,-0.6524204982176229
-0.9059831820352475,-1.4875761539691812
-0.7613988600813385,0.12802378586935548
0.4662512098741086,-0.45503600744166806
0.14738121774845064,-0.33701611980349455
-0.11811725975245818,0.35725220930118257
-0.42968752296484036,-0.195716276955184
-0.7074260825449676,0.38149030743834045
-1.0261196461982265,0.13442418076869253
-0.4316113806444506,0.047391185817640125
0.27864074335047684,-0.8077221512118383
-0.006732403524261299,0.6087920005771594
-0.42291019007637565,0.18948474461736559
-0.1872024118831736,-0.2925631521842777
-0.4633139340236592,-0.013722805112254308
-0.14684802514590384,-1.0284840771674832
-0.045386514720253984,0.057423590479815934
-0.80325857221887,-0.5225593494591304
-0.02950597155383916,-0.9695686495333412
0.8684328649939217,-0.8669882495284315
0.5620385197517286,0.730175222040296
0.36818773978373653,-0.07300261871684618
0.511120435146189,0.870019915021686
0.6783488301397015,-0.027562609480123623
1.0076209664761167,-0.6529305907025753
2.0127232358592915,-0.32126898910175217
1.9242496221122667,1.1895958818510817
1.5251009998430398,0.6182853858504544
0.8354413858357762,0.24521519029265693
0.46997636586481667,0.3551630477063924
0.45341287942791814,0.4274005826138567
1.350691811186812,0.7374633300409915
1.0918861616687263,1.2032034913066059
1.2037801374881756,0.2680018747367356
1.1955686894517996,-0.2750896143208929
1.7897653261758415,0.12442906484181254
3.0532315391126525,0.6795127576283767
2.7877971526524923,0.5020412743913278
2.5430774313933813,0.407967815787359
3.0651578699279174,0.975613951771693
3.406103614741073,0.992782580370319
4.32945727760909,1.137507840165147
4.621421370272072,1.033340299949207
4.4417753248785425,1.3745600839736587
4.737102740224697,1.0078720337267764
5.291454530516151,1.96701723100248
5.701695621114833,2.3017627496169695
5.955332636668482,1.0175910301770998
6.488669981463059,1.4236034639220496
7.0733177766858955,1.3406967132860832
7.7643972722046595,1.9310530371309278
8.088752215999481,2.4807055004793104
8.005193175841054,1.9498736049985101
8.078550019057715,2.1356154066895106
8.681804502311893,2.135147860345516
8.273336666818276,2.921689801427591
8.457673321254726,2.808842148706367
8.261003915091045,2.4573174345784277
8.275376326558455,2.8124433540548557
8.914602257862104,2.4905171910793893
9.010151791872055,2.7876048413035437
9.033370065950129,3.818532066841239
8.35344199546017,3.7620947523643364
8.72656877847378,2.232451455410686
9.049310869044318,3.25608198802279
10.130938230697048,3.4460997367613704
9.977049113220547,2.809759798508942
10.086624277052517,3.683479535694489
10.211316118907893,4.1633011958914805
11.00004275878963,2.918452552139309
10.952394992596155,3.133106672343688
11.091905755481324,4.107859898434967
11.395854010339594,3.874105371900718
11.489158571917773,4.081904877911711
11.265941764642509,4.025232667566751
11.362986761091664,3.9776537566135004
11.89980263602155,3.143425339833308
11.38654498631602,4.4079421781005195
11.453029823389457,4.441552709918745
11.10296941591987,3.7653688459746975
11.700492730382292,3.6856892344664995
10.938899277990405,3.1131629912834766
10.659438354354611,3.8501134605343865
10.848044291886872,3.8688715732168943
11.630806306504041,3.6102049363880955
11.597931175967547,4.412439065525273
11.320331412620948,3.753584643852821
12.260909947341244,4.0537608511183665
11.536902997133122,3.573816899968151
10.437500018823082,3.8066765136996326
10.657507243849748,3.4247405280654695
10.406480131673442,3.652380186981942
9.895863723108086,3.3024185937835475
10.250041946757761,3.233264678474946
10.371942303643362,3.8113626375955763
10.089902988274998,3.274336836233457
9.449750788939552,2.551116029736505
9.885979453079624,3.964828791758226
10.211080042058954,4.053003754444953
10.161492110169263,2.8224930405093724
11.084810608193095,3.675550839724313
10.549768225030018,3.4415108811546884
9.78700563956765,3.6408251632900037
9.441051604627027,3.447296272706042
9.418258596449279,3.059841208500551
9.539928321110626,2.7395788669916405
9.41931029218246,2.790665856874222
9.595337990439608,2.6467637156015393
8.969568278344386,2.727366664576814
9.691450580381016,2.93001800493632
9.650374991184732,2.842556980052561
10.209022906978795,3.5203942282169858
10.380385580167648,4.158369372583301
10.608762189744539,3.239925990623603
10.89364582986064,3.6263235062534105
11.117500109869297,3.880568654735
11.438861489803068,3.9593080338939264
12.103437754869285,3.8655668842883566
12.20169833972002,4.388929224069482
12.556200218514276,4.340526900663282
12.511332371370662,3.5820815444569614
13.231390979095398,4.546185898051531
12.893194828065763,4.867681302167143
13.793665044521171,3.9730835265471525
13.773586069199,4.554376783734868
13.058198518139976,4.929177995538722
13.122250725595372,4.305720445206184
12.78172489685793,4.9037362860822356
13.202046671352292,5.506827344975283
12.875734681701097,4.118303719585725
12.652642965093706,3.5840284748920137
11.707872599620941,4.30610503481975
11.481719439996404,4.303753535931329
10.269779776681926,3.759457998669669
9.477828364939064,4.1835100645320615
9.858035693011214,2.592396616073301
10.25093577233663,3.5631096810265
10.463664553229112,3.1286612894241923
9.980176481664506,4.311654448014801
9.956320803593515,4.421476065884891
9.95451953404823,3.04571555377487
9.37533718945196,3.016148847637666
10.127036340335536,3.5440099850892555
10.565717485623372,3.1989465757148294
10.45523539870854,3.4669042942923753
10.468678318205805,3.4959552593130048
10.57286972217958,2.530362443294214
9.552002287967436,3.417978287936177
9.428413596707138,2.862534628151762
9.087421472708238,2.8682161306274314
8.58661146776078,3.734864056609621
8.446061321317803,2.321216398849568
9.344904584742563,3.172542629654286
9.665326015376069,2.981244173222293
9.37973652048467,3.0578421376871323
9.666027911162749,3.51489111793997
10.36570562945575,3.4213231324272666
10.828022470912135,3.737150500689217
10.857837655872222,4.106214121608993
10.534369267019436,3.5023185173309046
10.88348092382623,3.204424264585046
11.080223616537104,3.0429114403274746
11.52782022655097,3.215652964004401
11.845406127391955,5.254458577020094
12.370182485051624,4.701407486287989
12.10256487927134,3.5056583110402757
12.761261912088502,3.3201063165136446
12.860061714434702,4.401322236137161
13.897692150747334,4.571783136633109
13.55309824170255,4.900927876546193
14.421080143285174,4.428544363388535
14.520035535016497,4.706451349322955
14.194326533209273,4.990595557516923
13.95238361618211,4.80030401886114
13.79220996208495,3.5560953003669793
14.004292935285909,4.378372703374586
14.265710679303659,4.213421933793073
13.978860677334369,4.788661106624661
13.966683381203877,6.165153815164482
15.037818560509809,4.990261228614764
15.901590145560165,4.85360684792822
16.119751980397183,5.716738479449498
16.138753719481283,5.64894338566871
16.198769382840414,5.6165676996371765
16.50552836920562,5.724712881423677
15.994132086606418,6.552401581318825
15.865443817894747,4.88803556645085
15.031151780955952,5.485252740419236
15.23076334225859,4.59468024333794
15.554361312109961,5.306453350182495
15.312768080960273,4.737610472908191
16.09976146260529,4.858908064776358
15.486878631104119,5.16827428814027
14.754691190999209,5.650799377817616
14.866917100279196,5.450714517052731
15.390466251585273,4.38228789356584
16.232430097314207,5.08283572033209
16.002987965879736,5.023222673852884
16.542328382595382,4.673966201811542
16.52307414784503,5.321586609747584
16.43676049787462,5.334839511100357
16.878590466617954,6.677870343645183
17.204751905824665,5.947844087030252
16.41655582733254,5.067401230073306
17.154826002195488,5.149319869121621
17.844871679269215,6.172071435285508
17.53209032851445,7.014890033744278
17.729992095233154,5.1681244458097835
17.97700718837452,4.895847880581401
18.107344071286477,6.818169532256388
17.832191494363766,6.308827263297034
17.49637981039474,5.546393808700651
17.483602774899015,6.070867867049705
18.069967284528698,4.534293749666236
18.341767361825912,5.876107313623813
18.15646019578286,6.254051526331698
18.54230955110703,6.534478281136942
17.118038240791993,5.709192717299534
17.692421090978044,5.74917432466923
16.822564201588996,5.419931446730542
16.64134373088743,5.716454282986912
16.08150878357436,5.1163753863834085
15.434168045713907,5.132039754130537
16.014581439403166,4.64554669173211
15.780730838747221,5.594497221905989
15.953982779612579,5.722894532143098
15.930522490172986,5.241174002119377
16.169042903784547,5.322393144743847
16.207453849314675,4.6586564782929765
15.56595773722039,5.178263478620306
16.064091146943962,5.162511360507275
15.817212855363305,6.645875025648904
15.03892190603343,4.8537678462868
14.824864325550474,5.729141975814928
15.57524422086763,5.518802881979538
16.000355091924376,5.364771756703311
15.826029024720446,6.215893945345211
15.651400172561232,5.555450838254086
15.490582646952541,5.4455447334277425
16.52895663873296,5.165168940919764
16.719924364848737,6.086988326921178
16.93494518844427,6.17291075905218
17.45008691546019,5.384935988690392
17.56948149497345,5.113896076207713
17.4399604220631,5.680743737414977
17.341785497520608,5.400043218161604
17.305984867813574,5.710777683764665
17.287373749558654,6.381592296062608
17.651188521377144,5.595720526930462
17.677161464280793,5.833516918450402
18.043481502888582,5.915511498533475
18.00312321283429,6.428811041822565
18.042440807992335,4.920373401040241
17.04334046572628,5.601419435119076
17.50150430307752,5.778785929369528
17.674748541026517,6.4283693620736395
18.17375359595634,5.699310274762216
16.7256259068595,5.083780753242187
17.76981325924986,5.8359215703651355
17.700018445172276,5.596854940398657
18.254109853541035,5.274857698046367
17.73415688997827,5.691546031010335
18.040543842509553,5.797138991266589
17.513836060922724,5.689504719610419
17.20195158057482,4.720318261688324
18.158967257508216,6.081150398784845
18.063626057126545,6.69324273777031
18.172342493716407,6.414173086584746
18.607376359060783,5.524277221560988
18.855217303047084,6.033894862900575
18.93042675561887,6.256694019589454
19.112907256851983,6.6041946234255615
20.314615049471122,6.728461883757191
20.28580565095433,6.400143803827808
20.386355174311813,6.76675385387586
20.911682372315617,7.021222139988751
21.464445338794608,7.703538086766944
22.057960491574796,7.561940680227439
22.377325602589387,7.768110559182942
21.805823146224146,7.531922050659791
22.622538912374694,8.000168721534974
22.049366215865348,7.791659943845654
22.200683948484865,6.963431904057385
21.823546023475185,8.058233360013794
21.79147685017869,7.701838779313449
21.95585805533043,7.08610492242071
22.116536663055566,7.055621425141578
22.32749704017321,7.488810914001208
23.134352674702534,7.678722601085877
23.361119825459525,7.806824195334951
23.2390415078142,7.944672703892795
23.72108509195838,8.61615841002173
24.3158203364207,8.51371294470713
23.702016428852204,8.241435191029435
24.000716463777135,8.405403738142345
24.351302834932582,7.524493361183605
24.202521083252588,8.25680371157154
24.890374489908396,8.991089870999485
24.815346696392133,8.25719838637628
24.878134923127906,7.846506883245725
24.791599010985973,7.9220467209664145
24.799388534776707,7.6848678567212385
24.251250991329105,7.815922392041283
23.53122555003196,7.871713487307844
24.328478081644445,7.143755504151051
23.90499740748528,8.020728141883241
23.409301232757127,8.42471062332723
22.33260617595527,7.4113833420864
22.01312530211052,8.200562148816104
21.35158040540677,7.6793898497785635
22.172587985474955,7.688703399411917
22.67749653014627,7.0917294586576105
22.33342135755741,7.9396845184429505
23.459639260229565,6.948027908913861
23.95052200372536,8.17781831937851
23.78810631197105,8.088858102952225
22.53840345453426,8.22194331387893
23.683874740829634,6.995918064935745
22.989088507447835,7.357219307604162
22.16638913396939,7.931062592121459
22.677674349974208,6.968848997290862
23.897550553143844,7.731790350770909
24.589686962399103,7.258875297790121
24.871641522425282,8.526880724832075
25.169018693257925,7.697918871826537
25.595726472648078,8.596647463999794
25.97519076754146,8.851198155017402
26.115786479526147,8.32929113654939
26.167887031502083,8.958678341055148
26.13659046755232,8.876455075222918
25.75960817311898,8.459201719691617
25.619270634685595,8.06952528186675
24.772792227587903,7.511420872756063
24.72362241419053,8.357804779201825
24.22932686061507,7.470465816496314
23.677532202007185,8.063516739554805
23.767479277583924,7.777887226516512
24.463480420756223,8.247603893645927
24.92263872375738,8.012781765846528
24.137388421945793,8.11334590053832
23.642574353660624,8.418486468781717
24.112959947654733,8.102149967518418
23.62171625088558,8.202180959639652
23.509399675887067,8.141366766133903
23.784425725399345,7.099170517775958
23.300253497967528,8.22363910939089
23.35294125104051,8.118674357336149
22.685928503581408,7.309408246757519
22.3852446816058,7.414679138913074
22.54513564867707,7.437387674559233
21.748638781911236,7.440031069858178
21.968876150891436,7.4355247248434555
21.959057251428096,8.049898708667367
22.23530222863667,7.93359041013158
22.347259295669,6.807840112888456
23.029329510655923,7.69599679514257
23.09194176197988,8.342865192478738
22.87723899141725,7.955273308186438
22.938387742933394,8.204189240836802
23.210036757451586,8.70807046981408
23.234466792614437,8.345672847270375
23.254762638216377,7.929561620332233
22.903766794313,8.291929190540513
22.572316335537526,7.772766873896397
21.87101369963768,7.560923109693375
22.74580207123115,7.1416893030037745
22.123870453535506,8.319616231085776
21.77741785463755,7.059908426198229
21.418214221852953,8.005400061350146
21.86567641032517,7.475936334561086
21.718201571179158,6.607643469152689
22.342072607516023,7.360049464764727
22.00532729539409,6.388613474905467
22.14482437650599,7.553213544524292
21.72715084987611,7.841384408898722
22.799725413762804,7.006105718026678
22.205926204248048,7.602302043909299
22.360836559361562,8.399086782540488
22.67772499982761,7.295286293931549
22.884624548553358,7.003392335813137
22.791980719114505,8.30655829937862
22.72707036924779,8.64954364093761
22.748976105237347,7.684923310792022
22.675475104423104,8.098916680354584
23.157414662820557,8.28327215712783
24.262676163616234,7.4043094982897575
23.983930271112317,7.776580881229911
23.29902878132278,8.588274426034054
23.254887757147152,8.691043216354494
24.544742425974313,8.127011078866774
24.14290514198945,7.736216658927945
24.962463544711483,9.010023764339348
25.8013139517497,8.124255990941396
25.524519830895706,8.385250894033325
25.809011370488342,8.667049955916855
26.62320968205261,9.386488617095575
26.43364581155887,9.352599754601453
26.331855631507686,9.07278646910876
26.041015174533364,9.038479601422235
25.53363680918693,8.737909846823966
25.208998036653927,8.812951784697729
24.5970279032728,7.1792145506188
24.614069637402412,7.94872609650882
24.22908302187309,8.299754468329995
24.345975977768465,7.523193311585173
23.56802815466665,8.249273783394836
23.733468270773876,7.793100214246418
24.15023275157834,8.77708835181455
23.15336493029261,8.909288523262385
23.340393215216398,7.60403554685494
23.954227711453044,7.6871026634670665
23.34940720210744,7.9180047969784235
24.18569339552629,7.570792902250263
24.395202900209313,8.110299800896977
24.04269697233011,7.750449815708696
24.014812433501255,7.422546405801139
24.293975889762116,8.258053982580625
24.33197858546832,8.428762957297602
24.601356581691505,7.74031199154026
24.141019785151823,8.602115889042777
24.22570019716986,7.786728659867159
23.51884294871737,8.172965544156664
23.46322991804302,8.283121445337105
23.011276097310624,7.85047483759476
22.643511126015742,7.915800769023231
23.26155771362096,7.32641859276326
23.807212773918096,7.612875881648565
24.111781834371683,7.800521704900115
23.565625452035395,7.640297547531397
23.407421227187992,7.745330308805867
24.013970077177582,7.022450249605111
24.084828533997534,7.6608591745427335
25.24449330398838,7.849096730968697
25.441152223685567,8.230167788045694
25.537176781930583,8.33461372297485
25.38261854982933,8.463732306946596
25.44938900222047,8.700879554686491
25.373154084030197,8.942163193201052
25.727208422374492,8.181279931105031
26.205559580771784,7.934690092128278
25.81256485051781,8.134114677322811
25.14694837373892,8.313579462290159
24.22884568718727,8.199481799442438
24.482841350643543,7.703603853001697
23.931158047556607,7.4671544583682845
22.854712751080367,7.698002446366717
23.04900205334585,7.716927380017768
24.295501812062245,7.983908086923313
24.292466356292298,7.808329825756844
24.71171174351812,7.862073978391656
24.752626422791902,7.7363717664709455
24.70318159619633,8.183705518297275
25.162719837690215,7.805110713593219
25.01758256559589,8.615890929286987
25.151278722631844,7.473930616640409
25.31212762572985,8.112961842227362
24.978082398908327,8.55548814153756
25.47410357367659,8.440890791987506
25.386623695328886,9.832836983291976
25.008751115582463,8.774170819211818
25.277006037367666,7.878015118174915
24.82777204647215,8.323171199483255
24.84186262515671,7.392525567156743
24.83730312683461,8.151511469614308
25.380250909750398,7.849814056511435
25.617600026190374,8.856751816356343
25.6050865468178,8.296185052194978
26.013969696417945,8.452761511367216
26.7090734709266,8.331688139359903
26.98797862410253,9.715316531140635
26.993154934024222,8.907303857285866
26.337236817849142,9.904955387675454
25.804679986311456,9.298742465181421
25.652067634134124,8.912311606079271
25.347311533054484,8.771218024506924
25.25382588156176,8.678213911475163
25.282150844010314,7.480132865943238
25.54699722118868,8.19321684272204
25.511747832159134,8.905999836220968
25.754998654072235,8.519675741532783
25.787235861477296,7.87587224697316
24.79950257830036,8.49755575785177
24.329834881390983,9.141659107403031
24.257791103530174,8.836562232924956
23.65294373210962,8.129991549668532
23.952908097107724,8.384606913128781
24.718283513279573,7.841079610261169
25.32766443912823,7.347657221596629
25.220943003663127,7.870832059833354
25.966306072088102,9.134810491336372
26.040639800689156,8.566376329845415
25.87209681513014,8.54713758350378
25.56539548335967,8.466423704751978
25.414160640115604,9.468329310269601
25.22007223084499,9.384060580742673
25.305280342032734,9.61381784405183
25.385567332557667,8.473443281814978
25.387090342634373,8.610826772322344
25.605559427507547,7.718888505312151
26.200882564900716,9.192023891842616
26.67565963262138,8.19557738302051
25.933210648396425,8.930643409969777
24.656250080945448,8.124376271699482
25.123410036565083,7.914879238084235
24.439970687357373,7.909879719253099
24.327587986411032,7.819041547794612
23.74253147338135,7.810619199128282
22.84154125459134,7.629686964464694
23.112272618693734,8.032098028714024
23.491850198845057,7.184460191948263
23.203594998481698,7.8762717923552765
21.90807385240924,8.357685254932816
21.634951628283,7.151592498959356
21.830853630984276,6.846685293007035
21.09139784659721,7.118662306005861
21.18307780648679,7.629148188760104
21.175422881900293,7.214891976298725
21.465068631700838,6.80850891489616
21.524858815907915,7.362309806593887
21.03832434546714,6.642542550513552
21.636610096299385,7.316431313912972
21.5573453097859,7.426929814131997
21.543693040030934,7.055992338779528
21.077059060494335,6.749414246663618
20.85541793489858,6.554718681672934
20.413016577885127,7.179505916809822
20.326543547923414,7.456345816291051
21.182397787994585,6.524943772491732
20.496447216528907,7.236407065423291
19.689666517590535,5.829061362199967
20.42525168133734,6.197497226168557
20.320589842761407,6.731795760582607
19.98605347343145,6.314514820395766
20.506005817129488,6.159014336674213
20.203198047261054,6.433813400571824
21.116202904034523,6.850437118398685
21.455165839704158,6.926240073847038
21.211210135631305,6.010058142633465
22.289864242264056,5.904018778635204
21.987006780762385,6.97392856161415
22.35805446676704,7.522338183416906
22.507700756970287,6.085897737009185
23.158571401669686,7.111034912716189
23.939327000033114,7.3955509835138145
23.955329074566,8.61552208746554
23.578620139392907,7.855640025259921
23.808606210862465,8.050644536714328
23.46974852598641,8.018274886973904
24.476442149749722,6.777468806589713
24.544709815291093,8.404783133899755
24.36204903963504,8.311589510705447
24.454389192567493,8.393907982798352
23.780826047802645,10.138826409268248
23.29501902854732,7.106073985518323
23.89522598251953,8.561461431996582
23.566778843033834,7.88099017825534
23.043323351692866,8.00179712293719
23.31164972795651,7.690420595150957
23.90450180528801,7.550418811203027
24.263978460620542,7.641475958587326
24.76200230352345,8.2080955018314
24.383604759238718,7.490823392904334
23.672699425867798,8.439453350822932
24.42336625184554,7.737657960400005
24.262026332424472,7.535741002073484
24.13660982419695,7.807175570936782
24.80070689512148,8.65027511278405
25.078821899821808,8.037572036306738
25.306765785862613,8.506630582682025
26.389266958313154,8.077214656169248
26.06750784312308,9.10346247807268
26.5314279071637,9.073352470139294
26.55993446961224,9.791068035811245
26.69423060904387,8.859305171715189
27.458464822250136,9.228527102263632
27.712382700394947,9.209425926670876
27.981530739919762,9.882593293717077
28.517784408574663,9.02330235754327
28.33530804380322,9.830168214765367
27.915703210133717,9.386260586559162
27.3932986131232,9.281242933141783
26.410120318435197,9.191990119475326
27.438223883405357,8.968355305691432
26.886619700544514,9.070188174029772
26.775992888751627,9.080361319151594
26.637586238807167,9.72989302732174
26.791289587711717,9.456990017181933
27.199158193981365,9.417663174280156
27.629394938161237,8.87374401261049
27.33785621887677,8.731572468595257
27.254295361983562,9.552164391641432
27.39558533722771,9.56952844402411
27.27123977413594,9.911963783446215
28.074912562145936,8.870577997600789
28.32040003796506,9.194757240723685
28.68783893098997,8.59585365419917
29.019279565323675,9.26970149168647
29.60601649406634,10.131039274055471
29.69652727341819,9.661661186011349
29.04811129944027,10.195364198227004
29.24795527531659,9.638718256655874
28.922276828420674,9.900286922371343
28.657968487545794,9.092866045855503
28.95115049692334,9.549281875666239
29.570292032640157,8.144705351193263
29.58092782100819,9.592110065830381
29.735344327307672,9.018252731027923
30.58645179962529,10.425425829568502
30.706828389369576,10.607181799226693
32.00766994645977,10.506102187716582
32.290424769275546,11.413414316289279
31.410043389697638,10.354010601999171
31.786714200249904,11.332095676066986
31.977293392691294,11.135319609811862
32.622169769732665,10.588442335179101
32.958760445367645,11.413305238029182
32.88953245337576,10.475811901207393
32.27738333523107,10.502183845369629
32.17287170658806,10.429138523486435
31.74761147948341,10.430286510293055
31.45734975458105,10.039033273494201
31.751638956791354,11.052649787271395
32.58659120896706,10.50132946557963
32.78392697387855,11.002362793426519
32.18598544286096,10.650238688299375
32.40828677697103,9.810517851413968
33.00660252029386,10.838566497428417
32.701711068134166,10.02970991812111
32.63470248479771,10.779167289209626
32.64204658216231,10.184169954943869
32.24959742562119,11.804668969758483
32.57373764254312,11.311027485749566
32.51326356823923,10.956100936973634
32.72302979019275,11.481442502996467
32.279283701291696,10.541895198624601
32.06055455112999,11.009714319585015
32.421745230043875,10.819043014156856
32.23532865399799,10.940437911095682
33.09881057961469,11.400819137362348
32.898992486807394,11.435971139010544
33.01133484968334,11.157656691355784
33.47763026561988,10.19172240592643
32.76844739915337,10.582438172638875
31.88804299316298,10.827423570212035
31.125214835877934,10.695841442108422
31.756506887591524,9.84204673263726
31.4805778146453,11.716995077330392
32.75967745747943,11.374069879753417
32.47755365815073,11.26636938541541
32.56982930974925,10.905921466628634
33.34088428603319,10.755436454637064
34.343930730112746,10.601849701262546
35.374682518430944,11.402104448419509
35.978865633727516,11.88149147044261
36.490896896633245,11.360928549421702
36.78716037123384,12.250450132554592
